TaxonNum,TaxonName_org,TaxonTSN_org,TaxonName_intOnly,TaxonTSN_intOnly,TaxonName_nsNint_maxres,TaxonTSN_nsNint_maxres,TaxonName_nsNint_intres,TaxonTSN_nsNint_intres,SpecSSPGroup,SpecAddDate,SpecCode,SpecSearchType,SpecRATdsYN,TaxonNote
232,Acmaea mitra,69662,Acmaea mitra,69662,Acmaea mitra,69662,Acmaea mitra,69662,limpet,,Acmmit,limpet,y,
521,Acrosiphonia coalita,,Acrosiphoniaceae,6720,Acrosiphoniaceae,6720,Acrosiphoniaceae,6720,green alga,,Acrmer,green,y,
652,Acrosiphonia duriuscula,,Acrosiphoniaceae,6720,Acrosiphoniaceae,6720,Acrosiphoniaceae,6720,green alga,,Acrdur,green,n,
554,Acrosiphonia saxatilis,,Acrosiphoniaceae,6720,Acrosiphoniaceae,6720,Acrosiphoniaceae,6720,green alga,20070618,Acrsax,green,y,
415,Aeolidia papillosa,78728,Aeolidia papillosa,78728,Aeolidia papillosa,78728,Aeolidia papillosa,78728,nudibranch,,Aeopap,nudibranch,y,
389,Agarum clathratum,11247,Agarum,11246,Agarum,11246,Agarum,11246,brown alga,,Agacla,brown,y,
483,Ahnfeltia fastigiata,12047,,drop,,drop,,drop,red alga,,Ahnfas,red,y,
162,Alaria taeniata,11297,Alaria,11289,Alaria,11289,Alaria,11289,brown alga,,Alatae,brown,y,
594,Alciopa reynaudii,65411,,drop,,drop,,drop,worm,,Alcrey,annelid,n,
519,Allorchestes bellabella,202936,Gammaridea,93295,Gammaridea,93295,Gammaridea,93295,amphipod,,Allbel,amphipod,n,
491,Alopex lagopus,180602,Vulpes,180603,Vulpes,180603,Vulpes,180603,mammal,,Alolag,mammal,n,
501,Ammodytes hexapterus,171672,Ammodytes hexapterus,171672,Ammodytes hexapterus,171672,Ammodytes hexapterus,171672,fish,,Ammhex,fish,y,
466,Amphiporus angulatus,57524,Amphiporidae,57522,Amphiporidae,57522,Amphiporidae,57522,worm,,Ampang,nemertean,y,
580,Amphiporus formidabilis,57526,Amphiporidae,57522,Amphiporidae,57522,Amphiporidae,57522,worm,20070630,Ampfor,nemertean,y,
585,Amphitrite cirrata,67901,Terebellidae,67899,Terebellidae,67899,Terebellidae,67899,worm,20070701,Ampcir,annelid,y,
163,Analipus japonicus,11002,,drop,,drop,,drop,brown alga,,Anajap,brown,y,
562,Anoplarchus purpurescens,171564,Anoplarchus purpurescens,171564,Anoplarchus purpurescens,171564,Anoplarchus purpurescens,171564,fish,,Anopur,fish,y,
236,Anthopleura artemesia,52554,Anthopleura,52551,Anthopleura,52551,Anthopleura,52551,anemone,,Antart,anemone,y,
527,Antinoella macrolepida,64409,Polynoidae,64397,Polynoidae,64397,Polynoidae,64397,worm,,Antmac,annelid,n,
441,Archidoris montereyensis,78213,Archidoris montereyensis,78213,Archidoris montereyensis,78213,Archidoris montereyensis,78213,nudibranch,,Arcmon,nudibranch,y,
478,Archidoris odhneri,78215,Archidoris odhneri,78215,Archidoris odhneri,78215,Archidoris odhneri,78215,nudibranch,,Arcodh,nudibranch,y,
509,Arctonoe vittata,64427,Polynoidae,64397,Polynoidae,64397,Polynoidae,64397,worm,,Arcvit,annelid,y,
576,Artedius fenestralis,167212,Artedius,167211,Artedius,167211,Artedius,167211,fish,20070629,Artfen,sculpin,y,
539,Aythya marila,175130,,drop,,drop,,drop,bird,,Aytmar,bird,n,
666,Bacillariophyta,2286,Bacillariophyta,2286,,drop,Bacillariophyta,2286,diatom,20120113,Bacill,diatom,n,Assumed present for food webs
655,Bacteria Complex,202421,Bacteria,202421,Bacteria,202421,Bacteria,202421,bacteria,20110416,Bacter,bacteria,n,
558,Balanus crenatus,89606,Balanus crenatus,89606,Balanus crenatus,89606,Balanus crenatus,89606,barnacle,,Balcre,barnacle,y,
237,Balanus glandula,89609,Balanus glandula,89609,Balanus glandula,89609,Balanus glandula,89609,barnacle,,Balgla,barnacle,y,
238,Balanus nubilus,656266,Balanus nubilus,656266,Balanus nubilus,656266,Balanus nubilus,656266,barnacle,,Balnub,barnacle,y,
634,Bangia sp,11531,Bangia,11531,Bangia,11531,Bangia,11531,red alga,20080403,Banspp,red,n,
658,Biofilm Complex,san272,Biofilm Complex,san272,Biofilm Complex,san272,Biofilm Complex,san272,biofilm,20110416,BiFiCo,biofilm,n,
467,Blidingia chadefaudii,6509,Ulvaceae,6501,Ulvaceae,6501,Ulvaceae,6501,green alga,,Blicha,green,y,
621,Blidingia minima,,Ulvaceae,6501,Ulvaceae,6501,Ulvaceae,6501,green alga,20080110,Blimin,green,n,
626,Bos taurus,183838,,drop,,drop,,drop,mammal,20080122,Bostau,mammal,n,
468,Bossiella cretacea,12448,Bossiella,12441,Bossiella,12441,Bossiella,12441,red alga,,Boscre,red,y,
440,Buccinum baeri,73778,Buccinum,73727,Buccinidae,73726,Buccinidae,73726,whelk,,Bucbae,whelk,y,
432,Buccinum plectrum,73777,Buccinum,73727,Buccinidae,73726,Buccinidae,73726,whelk,,Bucple,whelk,y,
540,Calcarius lapponicus,179526,,drop,,drop,,drop,bird,,Callap,bird,n,
541,Calidris ptilocnemis,176647,,drop,,drop,,drop,bird,,Calpti,bird,n,
172,Callithamnion pikeanum,12937,,drop,,drop,,drop,red alga,,Calpik,red,y,
623,Caloplaca Complex,,Caloplaca,14035,Caloplaca,14035,Caloplaca,14035,lichen,20080110,Calcor,lichen,y,
513,Cancer gracilis,98676,Cancer,98671,Cancer,98671,Cancer,98671,crab,,Cangra,crab,y,
246,Cancer oregonensis,98677,Cancer,98671,Cancer,98671,Cancer,98671,crab,,Canore,crab,y,
434,Caprella borealis,95403,Caprellidae,95375,Caprellidae,95375,Caprellidae,95375,amphipod,,Capbor,other,y,
542,Cepphus columba,176991,,drop,,drop,,drop,bird,,Cepcol,bird,n,
579,Ceramaster arcticus,156989,,drop,,drop,,drop,star,20070630,Cerarc,star,y,
506,Ceramium pacificum,12987,,drop,,drop,,drop,red alga,,Cerpac,red,y,
575,Cerebratulus montgomeryi,57451,Lineidae,57443,Lineidae,57443,Lineidae,57443,worm,20070629,Cermon,nemertean,y,
493,Cerebratulus occidentalis,57452,Lineidae,57443,Lineidae,57443,Lineidae,57443,worm,,Cerocc,nemertean,y,
454,Cerithiopsis columna,72030,Cerithiopsis,72023,Cerithiopsis,72023,Cerithiopsis,72023,snail,,Cercol,snail,y,
640,Chaetomorpha melagonium,,Cladophoraceae,6746,Cladophoraceae,6746,Cladophoraceae,6746,green alga,20080403,Chamel,green,n,
543,Charadrius semipalmatus,176506,,drop,,drop,,drop,bird,,Chasem,bird,n,
566,Chiridota discolor,158467,Apodacea,158423,Apodacea,158423,Apodacea,158423,cucumber,20070626,Chidis,cucumber,y,
661,Chlorophyta Crust Complex,san339,Chlorophyta Crust,san339,Chlorophyta Crust,san339,Chlorophyta Crust,san339,green alga,20110416,ChCrCo,green,y,
642,Chorda filum,11214,,drop,,drop,,drop,red alga,20080403,Chofil,red,n,
636,Chordaria flagelliformis,10976,,drop,,drop,,drop,brown alga,20080403,Chofla,brown,y,
675,Chrysophyte Complex,1447,Chrysophyta,1447,Chrysophyta,1447,Chrysophyta,1447,chrysophyte,20120115,CryCom,golden algae,n,Assumed to be present for the food webs
250,Chthamalus dalli,89592,Chthamalus dalli,89592,Chthamalus dalli,89592,Chthamalus dalli,89592,barnacle,,Chtdal,barnacle,y,
670,Ciliate Complex,46211,Ciliophora,46211,,drop,Ciliophora,46211,ciliate,20120115,CilCom,ciliate,n,Assumed to be present for the food webs
536,Circeis armoricana,204680,Sabellidae,68076,Sabellidae,68076,Sabellidae,68076,worm,,Cirarm,tubeworm,y,
494,Cirratulus cirratus,67118,Terebellidae,67899,Terebellidae,67899,Terebellidae,67899,worm,,Circir,annelid,y,
644,Cladophora sp,6763,Cladophoraceae,6746,Cladophoraceae,6746,Cladophoraceae,6746,green alga,20080403,Claspp,green,n,
325,Clinocardium nuttallii,80873,Clinocardium,80866,Clinocardium,80866,Clinocardium,80866,clam,,Clinut,clam,y,
476,Clinocottus acuticeps,167223,Clinocottus,167222,Clinocottus,167222,Clinocottus,167222,fish,,Cliacu,sculpin,y,
586,Clinocottus embryum,167225,Clinocottus,167222,Clinocottus,167222,Clinocottus,167222,fish,20070701,Cliemb,sculpin,y,
511,Codium ritteri,6898,Codiaceae,6895,Codiaceae,6895,Codiaceae,6895,green alga,,Codrit,green,y,
512,Coilodesme bulligera,11237,,drop,,drop,,drop,brown alga,,Colpbu,brown,y,
632,Coilodesme fucicola,11239,,drop,,drop,,drop,brown alga,20080403,Coifus,brown,y,
427,Colpomenia bullosa,11425,Colpomenia,11424,Colpomenia,11424,Colpomenia,11424,brown alga,,Colbul,brown,y,
502,Colpomenia peregrina,11426,Colpomenia,11424,Colpomenia,11424,Colpomenia,11424,brown alga,,Colper,brown,y,
175,Constantinea rosa-marina,12705,,drop,,drop,,drop,red alga,,Conros,red,y,
643,Constantinea subulifera,12708,,drop,,drop,,drop,red alga,20080403,Consub,red,y,
473,Corallina officinalis,12328,Corallina,12322,Corallina,12322,Corallina,12322,red alga,,Coroff,red,y,
567,Corophium spinicorne,93604,Gammaridea,93295,Gammaridea,93295,Gammaridea,93295,amphipod,,Corspi,amphipod,n,
529,Corvus corax,179725,,drop,,drop,,drop,bird,,Corcur,bird,n,
178,Costaria costata,11250,Costaria costata,11250,Costaria costata,11250,Costaria costata,11250,brown alga,,Coscos,brown,y,
569,Crangon alaskensis,97207,Crangonidae,97106,Crangonidae,97106,Crangonidae,97106,shrimp,,Craala,shrimp,y,
657,Crustose Coralline Complex,san262,Crustose coralline algae complex,san262,Crustose coralline algae complex,san262,Crustose coralline algae complex,san262,red alga,20110416,CrCoCo,red,n,
362,Cryptochiton stelleri,79032,Cryptochiton stelleri,79032,Cryptochiton stelleri,79032,Cryptochiton stelleri,79032,chiton,,Cryste,chiton,y,
282,Cryptonatica affinis,567436,Naticidae,72878,Naticidae,72878,Naticidae,72878,snail,,Crycla,snail,y,
179,Cryptosiphonia woodii,12254,,drop,,drop,,drop,red alga,,Crywoo,red,y,
395,Cucumaria vegae,158208,Cucumaria,158191,Cucumaria,158191,Cucumaria,158191,cucumber,,Cucveg,cucumber,y,
659,Cyanophycota,601,Cyanophycota,601,Cyanophycota,601,Cyanophycota,601,bluegreen,20110416,Cyanop,bluegreen,n,
564,Cymathere triplicata,11253,,drop,,drop,,drop,brown alga,20070626,Cymtri,brown,y,
505,Cystoseira geminata,11366,Cystoseira,11365,Cystoseira,11365,Cystoseira,11365,brown alga,,Cysgem,brown,y,
180,Delesseria decipiens,13241,,drop,,drop,,drop,red alga,,Deldec,red,y,
518,Derbesia marina,6888,,drop,,drop,,drop,green alga,,Dermar,green,y,
444,Dermasterias imbricata,157139,Dermasterias imbricata,157139,Dermasterias imbricata,157139,Dermasterias imbricata,157139,star,,Derimb,star,y,
504,Desmarestia aculeata,11315,Desmarestia,11314,Desmarestia,11314,Desmarestia,11314,brown alga,,Desacu,brown,y,
503,Desmarestia viridis,11323,Desmarestia,11314,Desmarestia,11314,Desmarestia,11314,brown alga,,Desvir,brown,y,
660,Detritus Complex,san266,Detritus complex,san266,Detritus complex,san266,Detritus complex,san266,detritus,20110416,DetCom,detritus,n,
583,Diaulota densissima,113270,Staphylinidae,113265,Staphylinidae,113265,Staphylinidae,113265,terrestrial arthropod,20070701,Diaden,other,y,
446,Diaulula sandiegensis,78188,Diaulula sandiegensis,78188,Diaulula sandiegensis,78188,Diaulula sandiegensis,78188,nudibranch,,Diasan,nudibranch,y,
340,Dictyosiphon foeniculaceus,11085,,drop,,drop,,drop,brown alga,,Dicfoe,brown,y,
336,Dilsea californica,12236,,drop,,drop,,drop,red alga,,Dilcal,red,y,
668,Dinoflagellate Complex,9873,Dinophyceae,9874,,drop,Dinophyceae,9874,dinoflagellate,20120115,DinCom,dinoflagellate,n,Assumed to be present for the food webs
443,Druehlia fistulosa,,Alaria,11289,Alaria,11289,Alaria,11289,brown alga,,Drufis,brown,y,
374,Dumontia alaskena,,,drop,,drop,,drop,red alga,,Dumcon,red,y,
450,Elassochirus gilli,97839,Paguridae,97774,Paguridae,97774,Paguridae,97774,crab,,Elagil,hermit,y,
533,Elassochirus tenuimanus,97837,Paguridae,97774,Paguridae,97774,Paguridae,97774,crab,,Elaten,hermit,y,
591,Emplectonema gracile,57496,Emplectonematidae,57493,Emplectonematidae,57493,Emplectonematidae,57493,worm,,Empgra,nemertean,y,
561,Emplectonema purpuratum,57497,Emplectonematidae,57493,Emplectonematidae,57493,Emplectonematidae,57493,worm,,Emppur,nemertean,y,
181,Endocladia muricata,12287,,drop,,drop,,drop,red alga,,Endmur,red,y,
453,Enhydra lutris,180547,Enhydra lutris,180547,Enhydra lutris,180547,Enhydra lutris,180547,mammal,,Enhlut,mammal,n,
253,Entodesma navicula,567538,Entodesma,81910,Entodesma,81910,Entodesma,81910,bivalve,,Entnav,bivalve,y,
587,Epiactis prolifera,52563,Epiactis,52562,Epiactis,52562,Epiactis,52562,anemone,20070701,Epipro,anemone,y,
590,Epizoanthus scotinus,52445,,drop,,drop,,drop,anemone,20070702,Episco,anemone,y,
423,Eudesme virescens,10981,,drop,,drop,,drop,brown alga,,Eudvir,brown,y,
584,Eumetopias jubatus,180625,Eumetopias jubatus,180625,Eumetopias jubatus,180625,Eumetopias jubatus,180625,mammal,20070701,Eumjub,mammal,y,
500,Eupentacta pseudoquinquesemita,158188,Eupentacta,158187,Eupentacta,158187,Eupentacta,158187,cucumber,,Euppse,cucumber,y,
674,Euphausiid Complex,95500,Euphausiidae,95500,,drop,Euphausiidae,95500,euphausiid,20120115,EupCom,euphausiid,n,Assumed to be present for the food webs
256,Evasterias troschelli,157224,Evasterias troschelii,157224,Evasterias troschelii,157224,Evasterias troschelii,157224,star,,Evatro,star,y,
577,Flabelligera affinis,67238,Flabelligeridae,67224,Flabelligeridae,67224,Flabelligeridae,67224,worm,20070629,Flaaff,annelid,y,
669,Flagellate Complex,9512,Prasinophyta,9512,,drop,Prasinophyta,9512,flagellate,20120115,FlaCom,flagellate,n,Assumed to be present for the food webs
671,Flagellated Protozoan Complex,43781,Sarcomastigophora,43781,,drop,Sarcomastigophora,43781,protozoan,20120115,FlPrCo,protozoan,n,A phylum of flagellated protozoans.  Assumed to be present for the food webs
673,Foram Complex,44030,Foraminiferida,44030,Foraminiferida,44030,Foraminiferida,44030,foraminiferan,20120115,ForCom,foraminiferida,n,"So far, out of all the taxa in the kingdom Protozoa (ciliates, radiolarians, flagellated protozoans, etc), this is the only taxon that's also in the PHYLUM Protozoa."
545,Fratercula cirrhata,177032,,drop,,drop,,drop,bird,,Fracir,bird,n,
182,Fucus gardneri,11341,Fucus,11334,Fucus,11334,Fucus,11334,brown alga,,Fucgar,brown,y,
412,Fusitriton oregonensis,73018,Fusitriton,73017,Fusitriton,73017,Fusitriton,73017,whelk,,Fusore,whelk,y,
439,Gammaropsis ellisi,656905,Gammaridea,93295,Gammaridea,93295,Gammaridea,93295,amphipod,,Gamell,amphipod,n,
549,Gasterosteus aculeatus,166365,Gasterosteus aculeatus,166365,Gasterosteus aculeatus,166365,Gasterosteus aculeatus,166365,fish,20070621,Gasacu,fish,y,
531,Gavia pacifica,174475,,drop,,drop,,drop,bird,,Gavpac,bird,n,
183,Gloiopeltis furcata,12291,,drop,,drop,,drop,red alga,,Glofur,red,y,
451,Gnorimosphaeroma oregonense,544557,Sphaeromatidae,92283,Sphaeromatidae,92283,Sphaeromatidae,92283,isopod,,Gnoore,isopod,y,
497,Grus canadensis,176177,,drop,,drop,,drop,bird,,Grucan,bird,n,
438,Haematopus bachmani,176475,,drop,,drop,,drop,bird,,Haebac,bird,n,
525,Halcampa crypta,52522,,drop,,drop,,drop,anemone,,Halcry,anemone,y,
456,Haliaeetus leucocephalus,175420,,drop,,drop,,drop,bird,,Halleu,bird,n,
259,Halichondria panicea,48399,Halichondria panicea,48396,Halichondria panicea,48396,Halichondria panicea,48396,sponge,,Halpan,sponge,y,
262,Haliclona ecbasis,47785,Haliclona,47771,Haliclona,47771,Haliclona,47771,sponge,,Halecb,sponge,y,
526,Halobisium occidentale,82726,,drop,,drop,,drop,terrestrial arthropod,,Halocc,other,y,
188,Halosaccion glandiforme,12825,,drop,,drop,,drop,red alga,,Halgla,red,y,
480,Halosydna brevisetosa,64489,Polynoidae,64397,Polynoidae,64397,Polynoidae,64397,worm,,Halbre,annelid,y,
289,Hapalogaster mertensii,97924,,drop,,drop,,drop,crab,,Hapmer,crab,y,
676,Haptophyte Complex,2135,Prymnesiophyceae,2135,Prymnesiophyceae,2135,Prymnesiophyceae,2135,haptophyte,20120115,HapCom,haptophytes,n,Includes coccolithophores.  Assumed to be present for the food webs
588,Harpacticus uniremis,86332,Harpacticidae,86329,Harpacticidae,86329,Harpacticidae,86329,copepod,20070701,Haruni,other,y,Another option would be to make Taxon_nsNint_intres Copepoda
568,Hemilepidotus hemilepidotus,167279,Hemilepidotus hemilepidotus,167279,Hemilepidotus hemilepidotus,167279,Hemilepidotus hemilepidotus,167279,fish,,Hemhem,fish,n,
452,Hemipodus borealis,66123,Glyceridae,66101,Glyceridae,66101,Glyceridae,66101,worm,,Hembor,annelid,y,
346,Henricia leviuscula,157157,Henricia,157152,Henricia,157152,Henricia,157152,star,,Henlev,star,y,
465,Heptacarpus brevirostris,96840,Hippolytidae,96746,Hippolytidae,96746,Hippolytidae,96746,shrimp,,Hepbre,shrimp,y,
528,Heptacarpus sitchensis,96838,Hippolytidae,96746,Hippolytidae,96746,Hippolytidae,96746,shrimp,,Hepsit,shrimp,y,
560,Heptacarpus tenuissimus,96845,Hippolytidae,96746,Hippolytidae,96746,Hippolytidae,96746,shrimp,,Hepten,shrimp,y,
516,Hermissenda crassicornis,78699,Hermissenda crassicornis,78699,Hermissenda crassicornis,78699,Hermissenda crassicornis,78699,nudibranch,,Hercra,nudibranch,y,
375,Hiatella arctica,81765,Hiatellidae,81760,Hiatellidae,81760,Hiatellidae,81760,bivalve,,Hiaarc,bivalve,y,
622,Hildenbrandia rubra,,Red crust complex,san338,Red crust complex,san338,Red crust complex,san338,red alga,20080110,Hilrub,red,n,
662,Homo sapiens,180092,Homo sapiens,180092,Homo sapiens,180092,Homo sapiens,180092,mammal,20110416,Homsap,mammal,n,
596,Hyale frequens,616676,Gammaridea,93295,Gammaridea,93295,Gammaridea,93295,amphipod,,Hyafre,amphipod,n,
470,Hypomesus pretiosus,162030,Hypomesus pretiosus,162030,Hypomesus pretiosus,162030,Hypomesus pretiosus,162030,fish,,Hyppre,fish,y,
265,Idotea wosnesenskii,92612,Idoteidae,92564,Idoteidae,92564,Idoteidae,92564,isopod,,Idowos,isopod,y,
369,Juncus arcticus,39222,,drop,,drop,,drop,plant,,Junarc,plant,y,
581,Kaburakia excelsa,54097,,drop,,drop,,drop,worm,20070630,Kabexc,annelid,y,
267,Katharina tunicata,78979,Katharina tunicata,78979,Katharina tunicata,78979,Katharina tunicata,78979,chiton,,Kattun,chiton,y,
429,Kornmannia leptoderma,,,drop,,drop,,drop,green alga,,Korlep,green,y,
390,Lacuna variegata,70377,Lacuna,70370,Lacuna,70370,Lacuna,70370,snail,,Lacvar,snail,y,
488,Laminaria bongardiana,,Laminaria,11217,Laminaria,11217,Laminaria,11217,brown alga,,Lambon,brown,y,
191,Laminaria longipes,11221,Laminaria,11217,Laminaria,11217,Laminaria,11217,brown alga,,Lamlon,brown,y,
338,Laminaria saccharina,11222,Laminaria,11217,Laminaria,11217,Laminaria,11217,brown alga,,Lamsac,brown,y,
487,Larus glaucescens,176814,,drop,,drop,,drop,bird,,Largla,bird,n,
192,Leathesia difformis,10961,,drop,,drop,,drop,brown alga,,Leadif,brown,y,
268,Leptasterias epichlora,,Leptasterias,157225,Leptasterias,157225,Leptasterias,157225,star,,Lepepi,star,y,
269,Leptochiton rugatus,78819,Leptochiton rugatus,78819,Leptochiton rugatus,78819,Leptochiton rugatus,78819,chiton,,Leprug,chiton,y,
496,Leptosynapta clarki,158433,Apodacea,158423,Apodacea,158423,Apodacea,158423,cucumber,,Lepcla,cucumber,n,
544,Leucosticte tephrocotis,179215,,drop,,drop,,drop,bird,,Leutep,bird,n,
326,Leukoma staminea,,Protothaca staminea,81464,Protothaca staminea,81464,Protothaca staminea,81464,clam,,Leusta,clam,y,
464,Limnoria lignorum,92427,Limnoria,92426,Limnoria,92426,Limnoria,92426,isopod,,Limlig,isopod,y,
272,Littorina sitkana,70397,Littorina,70395,Littorina,70395,Littorina,70395,snail,,Litski,snail,y,
653,Loranthophycus sp,,,drop,,drop,,drop,red alga,20081111,Lorasp,red,n,
273,Lottia digitalis,567816,Lottia digitalis,567816,Lottia digitalis,567816,Lottia digitalis,567816,limpet,,Lotdig,limpet,y,
490,Lottia paradigitalis,,,drop,,drop,,drop,limpet,,Lotpar,limpet,y,
510,Lottia pelta,567823,Lottia pelta,567823,Lottia pelta,567823,Lottia pelta,567823,limpet,,Lotpel,limpet,y,
312,Lottia persona,568350,Lottia persona,568350,Lottia persona,568350,Lottia persona,568350,limpet,,Tecper,limpet,y,
313,Lottia scutum,568351,Lottia scutum,568351,Lottia scutum,568351,Lottia scutum,568351,limpet,,Tecscu,limpet,y,
553,Lumbrineris similabris,66343,Lumbrineridae,66335,Lumbrineridae,66335,Lumbrineridae,66335,worm,20070618,Lumsim,annelid,y,
647,Macoma brota,81037,Macoma,81033,Macoma,81033,Macoma,81033,clam,20080520,Macbro,clam,y,
329,Mactromeris polynyma,80983,Mactromeris,80982,Mactromeris,80982,Mactromeris,80982,clam,,Macpol,clam,y,
447,Margarites beringensis,69895,Trochidae,69794,Trochidae,69794,Trochidae,69794,snail,,Marber,snail,y,
449,Margarites pupillus,69887,Trochidae,69794,Trochidae,69794,Trochidae,69794,snail,,Margap,snail,y,
194,Mastocarpus papillatus,,Mastocarpus,san12,Mastocarpus,san12,Mastocarpus,san12,red alga,,Maspap,red,y,
334,Mazzaella parksii,,Mazzaella,san14,Mazzaella,san14,Mazzaella,san14,red alga,,Mazpar,red,y,
195,Mazzaella phyllocarpa,,Mazzaella,san14,Mazzaella,san14,Mazzaella,san14,red alga,,Mazhet,red,y,
196,Melanosiphon intestinalis,11061,,drop,,drop,,drop,brown alga,,Melint,brown,y,
546,Melospiza melodia,179492,,drop,,drop,,drop,bird,,Melmel,bird,n,
534,Mergus serrator,175187,,drop,,drop,,drop,bird,,Merser,bird,n,
552,Metridium senile,52737,Metridium senile,52737,Metridium senile,52737,Metridium senile,52737,anemone,20070619,Metsen,anemone,y,
198,Microcladia borealis,13081,Microcladia,13080,Microcladia,13080,Microcladia,13080,red alga,,Micbor,red,y,
625,Microtus oeconomus,180298,,drop,,drop,,drop,mammal,20080122,Micoec,mammal,n,
595,Micrura verrilli,57475,Lineidae,57443,Lineidae,57443,Lineidae,57443,worm,,Micver,nemertean,y,
278,Mimulus foliatus,98434,Mimulus,98432,Mimulus,98432,Mimulus,98432,crab,,Mimfol,crab,y,
469,Modiolus modiolus,79501,Modiolus,79500,Modiolus,79500,Modiolus,79500,bivalve,,Modmod,bivalve,y,
633,Monostroma grevillei,6492,,drop,,drop,,drop,green alga,20080403,Mongre,green,y,
280,Mopalia ciliata,78981,Mopalia,78980,Mopalia,78980,Mopalia,78980,chiton,,Mopcil,chiton,y,
479,Mopalia hindsii,78984,Mopalia,78980,Mopalia,78980,Mopalia,78980,chiton,,Mophin,chiton,y,
330,Mytilus californianus,79455,Mytilus,79452,Mytilus,79452,Mytilus,79452,bivalve,,Mytcal,bivalve,y,
281,Mytilus trossulus,567928,Mytilus,79452,Mytilus,79452,Mytilus,79452,bivalve,,Myttro,bivalve,y,
302,Neomolgus littoralis,82757,Prostigmata,82770,Prostigmata,82770,Prostigmata,82770,terrestrial arthropod,,Neolit,other,y,
201,Neoptilota asplenoides,13154,,drop,,drop,,drop,red alga,,Neoasp,red,y,
202,Neorhodomela aculeata,13577,Neorhodomela,san21,Neorhodomela,san21,Neorhodomela,san21,red alga,,Neoacu,red,y,
492,Nephtys brachycephala,66043,Nereididae,65870,Nereididae,65870,Nereididae,65870,worm,,Nepbra,annelid,y,
437,Nereis vexillosa,65911,Nereididae,65870,Nereididae,65870,Nereididae,65870,worm,,Nervex,annelid,y,
482,Nereis virens,65892,Nereididae,65870,Nereididae,65870,Nereididae,65870,worm,,Nervir,annelid,y,
458,Nereocystis leutkeana,11277,Nereocystis luetkeana,11277,Nereocystis luetkeana,11277,Nereocystis luetkeana,11277,brown alga,,Nerleu,brown,y,
286,Nucella canaliculata,73293,Nucella canaliculata,73293,Nucella canaliculata,73293,Nucella canaliculata,73293,whelk,,Nuccan,whelk,y,
287,Nucella lamellosa,73294,Nucella lamellosa,73294,Nucella lamellosa,73294,Nucella lamellosa,73294,whelk,,Nuclam,whelk,y,
288,Nucella lima,73296,Nucella lima,73296,Nucella lima,73296,Nucella lima,73296,whelk,,Nuclim,whelk,y,
547,Oceanodroma furcata,174625,,drop,,drop,,drop,bird,,Ocefur,bird,n,
484,Octopus dofleini,82596,Enteroctopus dofleini,557227,Enteroctopus dofleini,557227,Enteroctopus dofleini,557227,octopus,,Octdof,octopus,y,
203,Odonthalia floccossa,13586,Odonthalia,13583,Odonthalia,13583,Odonthalia,13583,red alga,,Odoflo,red,y,
204,Odonthalia lyallii,13587,Odonthalia,13583,Odonthalia,13583,Odonthalia,13583,red alga,,Odolya,red,y,
631,Odonthalia sp,13583,Odonthalia,13583,Odonthalia,13583,Odonthalia,13583,red alga,20080403,Odospp,red,n,
461,Oligocottus maculosus,167333,Oligocottus maculosus,167333,Oligocottus maculosus,167333,Oligocottus maculosus,167333,fish,,Olimac,sculpin,y,
341,Onchidella borealis,78762,Onchidella,78761,Onchidella,78761,Onchidella,78761,limpet,,Oncbor,limpet,y,
463,Ophiopholis aculeata,157617,Ophiuroidea,157325,Ophiuroidea,157325,Ophiuroidea,157325,star,,Ophacu,brittlestar,y,
654,Ophlitaspongia pennata,48006,Ophlitaspongia,48005,Ophlitaspongia,48005,Ophlitaspongia,48005,sponge,20090305,Ophpen,sponge,n,
499,Orthasterias koehleri,157270,Orthasterias koehleri,157270,Orthasterias koehleri,157270,Orthasterias koehleri,157270,star,,Ortkoe,star,y,
663,Ostracoda,84195,Ostracoda,84195,Ostracoda,84195,Ostracoda,84195,ostracod,20110416,Ostrac,ostracod,n,
485,Pagurus armatus,97776,Paguridae,97774,Paguridae,97774,Paguridae,97774,crab,,Pagarm,hermit,y,
291,Pagurus beringanus,97784,Paguridae,97774,Paguridae,97774,Paguridae,97774,crab,,Pagber,hermit,y,
570,Pagurus granosimanus,97786,Paguridae,97774,Paguridae,97774,Paguridae,97774,crab,,Paggra,hermit,y,
292,Pagurus hirsutiusculus,97788,Paguridae,97774,Paguridae,97774,Paguridae,97774,crab,,Paghir,hermit,y,
556,Palmaria callophylliodes,,Palmaria,12841,Palmaria,12841,Palmaria,12841,red alga,20070617,Palcal,red,y,
460,Palmaria hecatensis,,Palmaria,12841,Palmaria,12841,Palmaria,12841,red alga,,Palhec,red,y,
433,Palmaria mollis,12845,Palmaria,12841,Palmaria,12841,Palmaria,12841,red alga,,Palmol,red,y,
630,Palmaria sp,12841,Palmaria,12841,Palmaria,12841,Palmaria,12841,red alga,20080403,Palspp,red,n,
629,Palmaria undescribed,,Palmaria,12841,Palmaria,12841,Palmaria,12841,red alga,20080403,Palund,red,n,
635,Pantoneera juergensii,,,drop,,drop,,drop,red alga,20080403,Panjue,red,n,
535,Paradexiospira vitrea,68242,Sabellidae,68076,Sabellidae,68076,Sabellidae,68076,worm,,Parvir,tubeworm,y,
435,Paranemertes peregrina,57505,Emplectonematidae,57493,Emplectonematidae,57493,Emplectonematidae,57493,worm,57411,Parper,nemertean,y,
364,Phascolosoma agassizi,154698,Phascolosomatidae,154883,Phascolosomatidae,154883,Phascolosomatidae,154883,worm,,Phaaga,other,y,
442,Phoca vitulina,180649,Phoca vitulina,180649,Phoca vitulina,180649,Phoca vitulina,180649,mammal,,Phovit,mammal,y,
557,Pholis laeta,171641,Pholis,171637,Pholis,171637,Pholis,171637,fish,20070617,Pholae,fish,y,
667,Phoronid Complex,155456,Phoronida,155456,Phoronida,155456,Phoronida,155456,phoronid,20120113,PhoCom,phoronid,n,Assumed to be present for the food webs
650,Phycodrys riggii,,,drop,,drop,,drop,red alga,20081111,Phyrig,red,n,
593,Phyllolithodes papillosus,97933,,drop,,drop,,drop,crab,,Phypap,crab,y,
589,Phytichthys chirus,171590,,drop,,drop,,drop,fish,20070701,Phychi,fish,y,
664,Phytoplankton Complex,san267,,drop,,drop,,drop,plankton,20110416,PhyCom,plankton,n,"Added for food webs, but no longer used in lieu of Dinophyceae and Bacillariophyta"
208,Pilayella littoralis,10824,Pilayella littoralis,10824,Pilayella littoralis,10824,Pilayella littoralis,10824,brown alga,,Pillit,brown,y,
538,Plectrophenax nivalis,179532,,drop,,drop,,drop,bird,,Pleniv,bird,n,
209,Plocamuim cartilageneum,11968,,drop,,drop,,drop,red alga,,Plocar,red,y,
431,Podoceropsis chionoecetophila,,Gammaridea,93295,Gammaridea,93295,Gammaridea,93295,amphipod,,Podchi,amphipod,n,
295,Pododesmus macrochisma,79792,Pododesmus,79791,Pododesmus,79791,Pododesmus,79791,bivalve,,Podmac,bivalve,y,
507,Polysiphonia hendryii,13441,Polysiphonia,13440,Polysiphonia,13440,Polysiphonia,13440,red alga,,Polhen,red,y,
210,Polysiphonia pacifica,13450,Polysiphonia,13440,Polysiphonia,13440,Polysiphonia,13440,red alga,,Polpac,red,y,
628,Porphyra leutkeana,,Porphyra,11540,Porphyra,11540,Porphyra,11540,red alga,20080403,Porleu,red,n,
639,Porphyra perforata,11549,Porphyra,11540,Porphyra,11540,Porphyra,11540,red alga,20080403,Porper,red,n,
620,Porphyra spp,,Porphyra,11540,Porphyra,11540,Porphyra,11540,red alga,20080110,Porspp,red,n,
571,Prasiola borealis,6395,,drop,,drop,,drop,green alga,,Prabor,green,y,
572,Prasiola delicata,6396,,drop,,drop,,drop,green alga,,Pradel,green,y,
573,Prasiola meridionalis,6397,,drop,,drop,,drop,green alga,,Premer,green,y,
651,Pseudothrix borealis,,,drop,,drop,,drop,green alga,20081111,Psebor,green,n,
214,Pterosiphonia bipinnata,13518,,drop,,drop,,drop,red alga,,Ptebip,red,y,
215,Ptilota serrata,,,drop,,drop,,drop,red alga,,Ptiser,red,y,
298,Pugettia gracilis,98438,Pugettia,98435,Pugettia,98435,Pugettia,98435,crab,,Puggra,crab,y,
555,Punctaria latifolia,11052,,drop,,drop,,drop,brown alga,20070618,Punlat,brown,y,
299,Pycnopodia helianthoides,157274,Pycnopodia helianthoides,157274,Pycnopodia helianthoides,157274,Pycnopodia helianthoides,157274,star,,Pychel,star,y,
300,Pyura haustor,159447,Pyura,159446,Pyura,159446,Pyura,159446,tunicate,,Pyuhau,tunicate,y,
672,Radiolarian Complex,46088,Radiolaria,46088,Radiolaria,46088,Radiolaria,46088,radiolarian,20120115,RadCom,radiolarian,n,Assumed to be present for the food webs
216,Ralfsia fungiformis,10855,Phaeophyta Crust,san252,Phaeophyta Crust,san252,Phaeophyta Crust,san252,brown alga,,Ralfun,brown,y,
471,Ramellogammarus vancouverensis,656676,Gammaridea,93295,Gammaridea,93295,Gammaridea,93295,amphipod,,Ramvan,amphipod,n,
548,Riparia riparia,178436,,drop,,drop,,drop,bird,,RipRip,bird,n,
582,Rostanga pulchra,78211,Rostanga pulchra,78211,Rostanga pulchra,78211,Rostanga pulchra,78211,nudibranch,20070701,Rospul,nudibranch,y,
189,Saccharina sessile,11255,Saccharina sessile,11255,Saccharina sessile,11255,Saccharina sessile,11255,brown alga,,Sacses,brown,y,
648,Saxidomus gigantea,568268,Saxidomus,81446,Saxidomus,81446,Saxidomus,81446,clam,20080520,Saxgig,clam,y,
462,Scyra acutifrons,98450,Scyra,98449,Scyra,98449,Scyra,98449,crab,,Scyacu,crab,y,
220,Scytosiphon lomentaria,11435,,drop,,drop,,drop,brown alga,,Scysim,brown,y,
305,Semibalanus balanoides,89687,Semibalanus balanoides,89687,Semibalanus balanoides,89687,Semibalanus balanoides,89687,barnacle,,Sembal,barnacle,y,
306,Semibalanus cariosus,89688,Semibalanus cariosus,89688,Semibalanus cariosus,89688,Semibalanus cariosus,89688,barnacle,,Semcar,barnacle,y,
646,Siliqua alta,81009,Pharidae,566908,Pharidae,566908,Pharidae,566908,clam,20080520,Silalt,clam,y,
537,Simplaria potswaldi,,Sabellidae,68076,Sabellidae,68076,Sabellidae,68076,worm,,Simpot,tubeworm,y,
342,Siphonaria thersites,76444,Siphonaria thersites,76444,Siphonaria thersites,76444,Siphonaria thersites,76444,limpet,,Sipthe,limpet,y,
637,Smithora naidum,11524,,drop,,drop,,drop,red alga,20080403,Sminai,red,y,
551,Solaster dawsoni,157075,Solaster dawsoni,157075,Solaster dawsoni,157075,Solaster dawsoni,157075,star,,Soldaw,star,y,
550,Solaster endeca,157076,Solaster endeca,157076,Solaster endeca,157076,Solaster endeca,157076,star,,Stiend,star,y,
474,Solaster stimpsoni,157078,Solaster stimpsoni,157078,Solaster stimpsoni,157078,Solaster stimpsoni,157078,star,,Solsti,star,y,
339,Soranthera ulvoidea,11066,,drop,,drop,,drop,brown alga,,Sorulv,brown,y,
515,Sparlingia pertusa,,,drop,,drop,,drop,red alga,,Spaper,red,y,
486,Spinulogammarus subcarinatus,93846,Gammaridea,93295,Gammaridea,93295,Gammaridea,93295,amphipod,,Spisub,amphipod,n,
495,Spirontocaris ochotensis,96762,Hippolytidae,96746,Hippolytidae,96746,Hippolytidae,96746,shrimp,,Spioch,shrimp,y,
310,Strongylocentrotus droebachiensis,157969,Strongylocentrotus droebachiensis,157969,Strongylocentrotus droebachiensis,157969,Strongylocentrotus droebachiensis,157969,urchin,,Strdro,urchin,y,
311,Styela montereyensis,159318,Styela,159300,Styela,159300,Styela,159300,tunicate,,Stymon,tunicate,y,
559,Styela yukatensis,159329,Styela,159300,Styela,159300,Styela,159300,tunicate,,Styyuk,tunicate,y,
524,Syrrhoe longifrons,95007,Gammaridea,93295,Gammaridea,93295,Gammaridea,93295,amphipod,,Syrlon,amphipod,n,
324,Telmessus cheiragonus,98663,Telmessus cheiragonus,98663,Telmessus cheiragonus,98663,Telmessus cheiragonus,98663,crab,,Telche,crab,y,
328,Terebratalia transversa,156829,Terebratalia transversa,156829,Terebratalia transversa,156829,Terebratalia transversa,156829,brachiopod,,Tertra,other,y,
638,Thalassiophyllum clathrum,,,drop,,drop,,drop,brown alga,20080403,Thecla,brown,y,
520,Tokidadendron bollatum,,,drop,,drop,,drop,red alga,,Tokkur,red,y,
314,Tonicella insignis,78898,Tonicella,78897,Tonicella,78897,Tonicella,78897,chiton,,Tonins,chiton,y,
315,Tonicella lineata,78899,Tonicella,78897,Tonicella,78897,Tonicella,78897,chiton,,Tonlin,chiton,y,
578,Tonicella undocarulea,78908,Tonicella,78897,Tonicella,78897,Tonicella,78897,chiton,20070629,Tonund,chiton,y,
472,Traskorchestia georgiana,657393,Gammaridea,93295,Gammaridea,93295,Gammaridea,93295,amphipod,,Trageo,amphipod,n,
649,Tresus capax,80955,Tresus,80954,Tresus,80954,Tresus,80954,clam,20080520,Trecap,clam,y,
523,Trichodon trichodon,170919,Trichodon trichodon,170919,Trichodon trichodon,170919,Trichodon trichodon,170919,fish,,Tritri,fish,y,
563,Trichotropis cancellata,72600,Trichotropis cancellata,72600,Trichotropis cancellata,72600,Trichotropis cancellata,72600,whelk,,Trispp,whelk,y,
565,Triopha catalinae,78332,Triopha catalinae,78332,Triopha catalinae,78332,Triopha catalinae,78332,nudibranch,20070626,Tricat,nudibranch,y,
448,Trophonopsis clathratus,73272,,drop,,drop,,drop,whelk,,Trocla,whelk,y,
475,Trophonopsis pacificus,73275,,drop,,drop,,drop,whelk,,Tropac,whelk,y,
592,Tubulanus polymorphus,57418,,drop,,drop,,drop,worm,,Tubpol,nemertean,y,
574,Ulothrix subflaccida,6424,,drop,,drop,,drop,green alga,,Ulosub,green,y,
514,Ulva fenestrata,6560,Ulvaceae,6501,Ulvaceae,6501,Ulvaceae,6501,green alga,,Ulvfen,green,y,
532,Ulva intestinalis,6536,Ulvaceae,6501,Ulvaceae,6501,Ulvaceae,6501,green alga,,Ulvint,green,y,
641,Ulvaria obscura var blyttii,,Ulvaceae,6501,Ulvaceae,6501,Ulvaceae,6501,green alga,20080403,Ulvobs,green,n,
605,Unidentified Anemones,,,drop,,drop,,drop,anemone,,UIDAne,anemone,n,
610,Unidentified Brown Algae,,,drop,,drop,,drop,brown alga,,UIDBrA,brown,n,
598,Unidentified Bryozoans,,Gymnolaemata,155471,Gymnolaemata,155471,Gymnolaemata,155471,bryozoan,,UIDBry,byrozoan,n,
618,Unidentified Caprellids,,,drop,,drop,,drop,amphipod,,UIDCap,amphipod,n,
508,Unidentified Clams,,,drop,,drop,,drop,clam,,UIDCla,clam,y,
617,Unidentified Crabs,,,drop,,drop,,drop,crab,,UIDCra,crab,n,
243,Unidentified Epiactis,,Epiactis,52562,Epiactis,52562,Epiactis,52562,anemone,,UIDEpi,anemone,y,
436,Unidentified Fish,,,drop,,drop,,drop,fish,,UIDFis,fish,n,
604,Unidentified Fuzzy Volcano,,,drop,,drop,,drop,sponge,,TIDFuV,sponge,n,
517,Unidentified Gobi #1,,Gobiesocidae,164457,Gobiesocidae,164457,Gobiesocidae,164457,fish,,TIDGoO,fish,n,
609,Unidentified Green Algae,,,drop,,drop,,drop,green alga,,UIDGrA,green,n,
600,Unidentified Hydroids,,Hydrozoa,48739,Hydrozoa,48739,Hydrozoa,48739,hydroid,,UIDHyd,hydroid,n,
608,Unidentified Insects,,,drop,,drop,,drop,terrestrial arthropod,,UIDIns,other,n,
619,Unidentified Jellyfish,,,drop,,drop,,drop,jellyfish,,UIDJel,jellyfish,n,
612,Unidentified Lichens,,,drop,,drop,,drop,lichen,,UIDLic,lichen,n,
607,Unidentified Limpets,,,drop,,drop,,drop,limpet,,UIDLim,limpet,n,
597,Unidentified Mopalia,,Mopalia,78980,Mopalia,78980,Mopalia,78980,chiton,,UIDMop,chiton,n,
477,Unidentified Pagarus,,Paguridae,97774,Paguridae,97774,Paguridae,97774,crab,,UIDPag,hermit,y,
603,Unidentified Peachy Tunicate,,,drop,,drop,,drop,tunicate,,TIDPeT,tunicate,n,
614,Unidentified Pycnogonids,,Pycnogonida,83545,Pycnogonida,83545,Pycnogonida,83545,pycnogonid,,UIDPyc,pycnogonid,n,
459,Unidentified Pyura,,Pyura,159446,Pyura,159446,Pyura,159446,tunicate,,TIDPyu,tunicate,y,
611,Unidentified Red Algae,,,drop,,drop,,drop,red alga,,UIDReA,red,n,
530,Unidentified Sandy Tube Worm,,Sabellidae,68076,Sabellidae,68076,Sabellidae,68076,worm,,TIDSTW,tubeworm,y,
457,Unidentified Serpulid Worm,68232,Sabellidae,68076,Sabellidae,68076,Sabellidae,68076,worm,,TIDSeW,tubeworm,y,
616,Unidentified Shrimp,,,drop,,drop,,drop,shrimp,,UIDShr,shrimp,n,
613,Unidentified Snails,,,drop,,drop,,drop,snail,,UIDSna,snail,n,
599,Unidentified Spirorbids,,Sabellidae,68076,Sabellidae,68076,Sabellidae,68076,worm,,UIDSpi,tubeworm,y,
602,Unidentified Sponges,,,drop,,drop,,drop,sponge,,UIDSpo,sponge,n,
624,Unidentified Stars,,,drop,,drop,,drop,star,20080122,UIDSta,star,n,
601,Unidentified Tunicates,,,drop,,drop,,drop,tunicate,,UIDTun,tunicate,n,
615,Unidentified Whelks,,,drop,,drop,,drop,whelk,,UIDWhe,whelk,n,
606,Unidentified Worms,,,drop,,drop,,drop,worm,,UIDWor,worm,n,
481,Urosalpinx cinerea,73264,,drop,,drop,,drop,whelk,,Urocin,whelk,y,
316,Urticina grebelnyi,,Urticina,52569,Urticina,52569,Urticina,52569,anemone,,Urtgre,anemone,y,
522,Velutina prolongata,72722,Velutina,72711,Velutina,72711,Velutina,72711,snail,,Velpro,snail,y,
225,Verrucaria maura,,Verrucaria,14050,Verrucaria,14050,Verrucaria,14050,lichen,,Vermau,lichen,y,
498,Xiphister atropurpureus,171598,Xiphister atropurpureus,171598,Xiphister atropurpureus,171598,Xiphister atropurpureus,171598,fish,,Xippur,fish,n,
455,Xiphister mucosus,171599,Xiphister mucosus,171599,Xiphister mucosus,171599,Xiphister mucosus,171599,fish,,Xipmuc,fish,n,
665,Zooplankton Complex,san102,,drop,,drop,,drop,plankton,20110416,ZooCom,plankton,n,"Added for food webs, but no longer used in lieu of Copepoda, Phoronida, Pteropoda, etc"
227,Zostera marina,39074,Zostera marina,39074,Zostera marina,39074,Zostera marina,39074,seagrass,,Zosmar,plant,y,